CS,SE
CS1011,CS1011
CH200,CH200
MA136,MA136
GS1001,GS1001
CS1021,CS1021
PH2011,PH2011
MA137,MA137
GS1002,GS1002
CS2852,CS2852
SCIEL,PH2021
MA2314,MA2314
GS1003,GS1003
CS2911,SE2030
SE2030,CS2911
MA2310,MA2310
MA2323,MASCIEL
BA2220,BUSEL
CS2300,SE2811
CS2711,SE2840
SE2811,CS2711
MA3320,SCIEL
CS2040,CS2040
CS2400,SE2800
SE2800,SE2832
MA383,MA262
BA3444,BA3444
CS3040,SE3010
CS3400,SE3800
CS3860,SE3821
MA262,CS3860
FREE,OR402
CS3300,SE3020
CS3840,SE3810
SE2840,CS3840
HU432,MA3320
OR402,HUSS
CS3310,SE3030
CS3450,CS3851
CS3851,MA383
HUSS,HU432
CS4000,FREE
TECHEL,SE4000
TECHEL,TECHEL
HU4321,SE3910
HUSS,MASCIEL
CS4010,HUSS
TECHEL,SE4010
TECHEL,TECHEL
MASCIEL,MASCIEL
HUSS,IE423
CS4020,HUSS
TECHEL,SE4020
MASCIEL,TECHEL
HUSS,HUSS
FREE,HUSS
,FREE
